Beginner To Master,
https://youtu.be/R2skmBe07aQ?si=TAF5rq2HCM36eMeN&t=39,https://www.chess.com/game/live/6069461723?username=senseidanya
https://youtu.be/R2skmBe07aQ?si=ptNmTz8BTncf69Zj&t=926,https://www.chess.com/game/live/6069536239?username=senseidanya
https://youtu.be/RUYbO35XVCE?si=DMwYSBwUyA-jqEcP&t=9,https://www.chess.com/game/live/6069689253?username=senseidanya
https://youtu.be/wn7jKtpg2dg?si=v5-bp7GfEBvdiejD&t=6,https://www.chess.com/game/live/6069962514?username=senseidanya
https://youtu.be/wn7jKtpg2dg?si=7MRpBOdB44f66nPv&t=1562,https://www.chess.com/game/live/6070107913?username=senseidanya
https://youtu.be/Vy6j7N_Wh0o?si=L4OdZyQXa834-ZBW&t=175,https://www.chess.com/game/live/6070306082?username=senseidanya
https://youtu.be/Vy6j7N_Wh0o?si=BTxSQc5YKsTwh2Dr&t=1386,https://www.chess.com/game/live/6070532448?username=senseidanya
https://youtu.be/n5BL4u1QpfY?si=kDznRkS-FX4Kg25I&t=4,https://www.chess.com/game/live/6138854911?username=senseidanya
https://youtu.be/n5BL4u1QpfY?si=Ud0SCQRS444qrKrE&t=448,https://www.chess.com/game/live/6138887530?username=senseidanya
https://youtu.be/HF8cvN3ZKtU?si=WiKq40cVXcCv4ttJ&t=9,https://www.chess.com/game/live/6154705687?username=senseidanya
https://youtu.be/vosZEy6YML0?si=T6I-dMTEWNOCEKdc&t=7,https://www.chess.com/game/live/6157350504?username=senseidanya
https://youtu.be/d-MNpi_zPr0?si=CZCyd4wf__7E04uv&t=6,https://www.chess.com/game/live/6191416152?username=senseidanya
https://youtu.be/d-MNpi_zPr0?si=e8iIg9e2GZ553xTy&t=1792,https://www.chess.com/game/live/6191609221?username=senseidanya
https://youtu.be/uJCgrG90u8A?si=SITHjXhZQvxuLjM4&t=11,https://www.chess.com/game/live/6165834628?username=senseidanya
https://youtu.be/-PSQS88VdZU?si=hXkLb8PwrsURw9Bi&t=10,https://www.chess.com/game/live/6165998136?username=senseidanya
https://youtu.be/-PSQS88VdZU?si=idapNkw_q4mobbt8&t=1045,https://www.chess.com/game/live/6166104330?username=senseidanya
https://youtu.be/VBxmm4zzC1g?si=nMnj1GBJfLpJ6dy5&t=3,https://www.chess.com/game/live/6193417416?username=senseidanya
https://youtu.be/8QxDmN_BMaU?si=xKQK1Zcflt3K6IH4&t=8,https://www.chess.com/game/live/6193509401?username=senseidanya
https://youtu.be/0npOMfkAlVU?si=1xEv7Hq0eRvpKTn5&t=3,https://www.chess.com/game/live/6202338642?username=senseidanya
https://youtu.be/0npOMfkAlVU?si=K6G-iHf4LM3w3qqM&t=1830,https://www.chess.com/game/live/6202490727?username=senseidanya
https://youtu.be/OE2pJpVVzYw?si=ioyNdswVFe97yU88&t=8,https://www.chess.com/game/live/6212175556?username=senseidanya
https://youtu.be/8O4UG9NtUoM?si=7kpEsZaLlVjIVfGm&t=2,https://www.chess.com/game/live/6260663141?username=senseidanya
https://youtu.be/fhDxUI-t2v4?si=GcCcKVBWWzyiDEjK&t=15,https://www.chess.com/game/live/6260835895?username=senseidanya
https://youtu.be/ciTwGjksQWs?si=SztGzcLP0r23doMB&t=9,https://www.chess.com/game/live/6345139986?username=senseidanya
https://youtu.be/lpHT3_yF4WQ?si=QoRN_B3rQK0Sc5zT&t=14,https://www.chess.com/game/live/6434950532?username=senseidanya
https://youtu.be/25w0mYsx_Lk?si=YX-icbPixqhQTQUM&t=5,https://www.chess.com/game/live/7541521455?username=senseidanya
https://youtu.be/VOQ7DlsATuc?si=jDWF286oy11t7pjZ&t=1,https://www.chess.com/game/live/7543290907?username=senseidanya