Develop Your Instincts,
https://youtu.be/zEkwjGCA2M4?si=U8Tj9i5xXjqGulK_&t=283,https://www.chess.com/game/live/101118786781?username=hebeccararis
https://youtu.be/zEkwjGCA2M4?si=vY2LKcqEAJDY1IQ2&t=852,https://www.chess.com/game/live/101119402501?username=hebeccararis
https://youtu.be/zEkwjGCA2M4?si=utXlnHifKIpZZndd&t=1253,https://www.chess.com/game/live/101119968255?username=hebeccararis
https://youtu.be/EPS51oKRgpU?si=nR53DtVERRf4en3n&t=151,https://www.chess.com/game/live/101287911145?username=hebeccararis
https://youtu.be/EPS51oKRgpU?si=u-1mlhaQceoeh2E1&t=1100,https://www.chess.com/game/live/101289083773?username=hebeccararis
https://youtu.be/EPS51oKRgpU?si=71nJel1yWxRxG7tq&t=1971,https://www.chess.com/game/live/101289771575?username=hebeccararis
https://youtu.be/XvyJvuj8NdM?si=Mreojavn_1ydD9Tc&t=174,https://www.chess.com/game/live/103302692383?username=hebeccararis
https://youtu.be/XvyJvuj8NdM?si=P3v_6btJmjjKW9ak&t=1858,https://www.chess.com/game/live/103304515473?username=hebeccararis
https://youtu.be/4T9-0D4SnMk?si=SMZGem6gb0ps_LXP&t=51,https://www.chess.com/game/live/104224267085?username=hebeccararis
https://youtu.be/4ajr7LFi170?si=dkMaT7mVh7zJFITC&t=11,https://www.chess.com/game/live/104226611849?username=hebeccararis
https://youtu.be/4ajr7LFi170?si=ApGjCDsLa7uDYn8S&t=689,https://www.chess.com/game/live/104227251151?username=hebeccararis
https://youtu.be/A-HTpnOfVcE?si=v77VCEzH2zFrH5W3&t=23,https://www.chess.com/game/live/104565646861?username=hebeccararis
https://youtu.be/A-HTpnOfVcE?si=U2ic9GYmg8sPIVuG&t=992,https://www.chess.com/game/live/104566835329?username=hebeccararis
https://youtu.be/A-HTpnOfVcE?si=DbNcL1VozugryRHg&t=1833,https://www.chess.com/game/live/104567987715?username=hebeccararis
https://youtu.be/Nl9vUi1_ha0?si=IYBvgfqAtk_JBxyy&t=36,https://www.chess.com/game/live/105394265733?username=hebeccararis
https://youtu.be/Nl9vUi1_ha0?si=QD9BLkO6KF_dIQJb&t=1026,https://www.chess.com/game/live/105395450511?username=hebeccararis
https://youtu.be/UN41NRg5Ul4?si=ZApB88vdDtrIOGVQ&t=16,https://www.chess.com/game/live/105520204837?username=hebeccararis
https://youtu.be/UN41NRg5Ul4?si=Q_tN9H5WTND6MoPy&t=1338,https://www.chess.com/game/live/105521934991?username=hebeccararis
https://youtu.be/UN41NRg5Ul4?si=nGWfn7OrELVpdx-E&t=2297,https://www.chess.com/game/live/105522624903?username=hebeccararis
https://youtu.be/5EzQZ6y0shc?si=AUgk3uFcH7JbhxTT&t=37,https://www.chess.com/game/live/106375023869?username=hebeccararis
https://youtu.be/5EzQZ6y0shc?si=UTuBZxpdlPxWApm-&t=1786,https://www.chess.com/game/live/106376850439?username=hebeccararis
https://youtu.be/5EzQZ6y0shc?si=YVrxXayQgC1AQIXw&t=3021,https://www.chess.com/game/live/106378580229?username=hebeccararis
https://youtu.be/38QzSkFRn4E?si=lI5A6x4gIlDeGtkf&t=20,https://www.chess.com/game/live/106643457963?username=hebeccararis
https://youtu.be/38QzSkFRn4E?si=KjfaUp9_mF5OSZBK&t=1789,https://www.chess.com/game/live/106645784361?username=hebeccararis
https://youtu.be/j_KLuENJVaw?si=SfLTzhrkHKrTr8GZ&t=70,https://www.chess.com/game/live/106986623713?username=hebeccararis
https://youtu.be/j_KLuENJVaw?si=LK7etHA-65trfoV4&t=1112,https://www.chess.com/game/live/106987835281?username=hebeccararis
https://youtu.be/j_KLuENJVaw?si=3EfE1ThCvWd3jW1m&t=2579,https://www.chess.com/game/live/106989623461?username=hebeccararis
https://youtu.be/zhfOsKtD2vk?si=4hYM8HIyoSE5ZIv0&t=44,https://www.chess.com/game/live/108369669777?username=hebeccararis
https://youtu.be/zhfOsKtD2vk?si=0OUMHEUYYzHcCXTa&t=1201,https://www.chess.com/game/live/108371368711?username=hebeccararis
https://youtu.be/zhfOsKtD2vk?si=ZGhYLCkIpeIWmgCC&t=2995,https://www.chess.com/game/live/108373224385?username=hebeccararis
https://youtu.be/fGBhk9oqdbg?si=e1z0aV0tlu1_wF9q&t=45,https://www.chess.com/game/live/107161888401?username=hebeccararis
https://youtu.be/fGBhk9oqdbg?si=CEeFYJce8TgN3eZr&t=1271,https://www.chess.com/game/live/107163595593?username=hebeccararis
https://youtu.be/VeHyQWutHPQ?si=GlCcVxkXtEA4oNUp&t=26,https://www.chess.com/game/live/110676745415?username=hebeccararis
https://youtu.be/VeHyQWutHPQ?si=7MxdCv5_jdgbMYyf&t=1211,https://www.chess.com/game/live/110678475083?username=hebeccararis
https://youtu.be/i9lgxqlkUgQ?si=j4QmwwJ3_6H7JWiu&t=16,https://www.chess.com/game/live/110786510501?username=hebeccararis
https://youtu.be/i9lgxqlkUgQ?si=q7HlietDx8KumyLu&t=1147,https://www.chess.com/game/live/110787713881?username=hebeccararis
https://youtu.be/i9lgxqlkUgQ?si=pQ5TjqQVLEGg4Fh0&t=1700,https://www.chess.com/game/live/110788312355?username=hebeccararis
https://youtu.be/QVw89_6fh2Y?si=A1hdS5nmyNzdnV9d&t=20,https://www.chess.com/game/live/112261811015?username=hebeccararis
https://youtu.be/QVw89_6fh2Y?si=0L0fmqDDXCtvv6C-&t=1055,https://www.chess.com/game/live/112263023011?username=hebeccararis
https://youtu.be/untay_co3oY?si=SMjrNYvKhpHTaMzE&t=14,https://www.chess.com/game/live/112783810249?username=hebeccararis
https://youtu.be/untay_co3oY?si=antlBZ51AXYjY_ow&t=1085,https://www.chess.com/game/live/112785004781?username=hebeccararis
https://youtu.be/rgLTiUZAWQY?si=JyqSYDZpeiaDIjV4&t=33,https://www.chess.com/game/live/113461797549?username=hebeccararis
https://youtu.be/rgLTiUZAWQY?si=-5ZqBRFxYT07dF8k&t=999,https://www.chess.com/game/live/113462987825?username=hebeccararis
https://youtu.be/rgLTiUZAWQY?si=SDj96AJPfuRsmJ47&t=2562,https://www.chess.com/game/live/113464797705?username=hebeccararis
https://youtu.be/rgLTiUZAWQY?si=4UPckDcefG6uaZpm&t=3365,https://www.chess.com/game/live/113465961941?username=hebeccararis
https://youtu.be/JwmxAagJ7bQ?si=kIxv1HbN7iO4NQ57&t=30,https://www.chess.com/game/live/113549985555?username=hebeccararis
https://youtu.be/JwmxAagJ7bQ?si=5Zmq34nJtNLl2Njz&t=516,https://www.chess.com/game/live/113550578289?username=hebeccararis
https://youtu.be/JwmxAagJ7bQ?si=UvAcf5HPJrmjHqF5&t=2178,https://www.chess.com/game/live/113552390231?username=hebeccararis
https://youtu.be/JwmxAagJ7bQ?si=cMB0ArXXnJFvKA_Q&t=2751,https://www.chess.com/game/live/113552994765?username=hebeccararis
https://youtu.be/UXKY-hKJs6Q?si=2RT7RsumTUEtM1OS&t=11,https://www.chess.com/game/live/114338972671?username=hebeccararis
https://youtu.be/UXKY-hKJs6Q?si=vRnWI8vcN7a6cQQX&t=851,https://www.chess.com/game/live/114339624595?username=hebeccararis
https://youtu.be/UXKY-hKJs6Q?si=jlYqgK_bAYdpKlb6&t=1386,https://www.chess.com/game/live/114340225021?username=hebeccararis
https://youtu.be/UXKY-hKJs6Q?si=u-H1fQ9rEvjQA9Fl&t=1821,https://www.chess.com/game/live/114340806563?username=hebeccararis
https://youtu.be/fc8rxAMb7xI?si=ZbS-TJbCu3Q45LRo&t=41,https://www.chess.com/game/live/115884586209?username=hebeccararis
https://youtu.be/fc8rxAMb7xI?si=FOiWnqJOb7zD5MpG&t=1819,https://www.chess.com/game/live/115886416229?username=hebeccararis
https://youtu.be/U9ZVpNscIGg?si=bT15LomHJWIyNjJl&t=31,https://www.chess.com/game/live/116578839355?username=hebeccararis
https://youtu.be/U9ZVpNscIGg?si=ubn0ni8ErK6qqyhc&t=1486,https://www.chess.com/game/live/116580614155?username=hebeccararis
https://youtu.be/U9ZVpNscIGg?si=875inkjxhDsTmy3O&t=3796,https://www.chess.com/game/live/116583036571?username=hebeccararis
https://youtu.be/CQFSXmfxMV8?si=iyCBMNemm1Z2jBSv&t=35,https://www.chess.com/game/live/117355817177?username=hebeccararis
https://youtu.be/CQFSXmfxMV8?si=B7MyrA2cpXGcb5fw&t=1098,https://www.chess.com/game/live/117357007799?username=hebeccararis
https://youtu.be/CQFSXmfxMV8?si=oasbiPsTRUyJYm0l&t=1901,https://www.chess.com/game/live/117357637803?username=hebeccararis
https://youtu.be/-Y5bZoD6TM0?si=qYffao90dQ8gh_Dt&t=36,https://www.chess.com/game/live/117872337411?username=hebeccararis
https://youtu.be/-Y5bZoD6TM0?si=CzIXjS6IdwwKN365&t=2351,https://www.chess.com/game/live/117874742453?username=hebeccararis
https://youtu.be/3nyxVHwDCTY?si=IN6gcHaVX0PEA0pL&t=31,https://www.chess.com/game/live/117959967459?username=hebeccararis
https://youtu.be/3nyxVHwDCTY?si=nY88o_gx_HCxO7K1&t=1561,https://www.chess.com/game/live/117961747801?username=hebeccararis
https://youtu.be/3nyxVHwDCTY?si=11Ibf1_5mQfD611J&t=2453,https://www.chess.com/game/live/117962393089?username=hebeccararis
https://youtu.be/4_Ev1a1_2Mg?si=5S5LFraiqQXd7AZz&t=31,https://www.chess.com/game/live/118657683077?username=hebeccararis
https://youtu.be/4_Ev1a1_2Mg?si=aycWKllReAaYvjcT&t=801,https://www.chess.com/game/live/118658329053?username=hebeccararis
https://youtu.be/4_Ev1a1_2Mg?si=J5Ty7oIOsVBX2wXt&t=1410,https://www.chess.com/game/live/118659470071?username=hebeccararis
https://youtu.be/MMELgpZ4CeQ?si=gLIPHWbTlCTurZA8&t=90,https://www.chess.com/game/live/125397508029?username=hebeccararis
https://youtu.be/MMELgpZ4CeQ?si=eEnNvvVYEgk89n6J&t=875,https://www.chess.com/game/live/125398139837?username=hebeccararis
https://youtu.be/vtY88mBc088?si=fmIh7uZVFTuKsMGi&t=40,https://www.chess.com/game/live/128077132625?username=hebeccararis
https://youtu.be/vtY88mBc088?si=BfzXpeJbfWjRJCkm&t=1331,https://www.chess.com/game/live/128078365897?username=hebeccararis
https://youtu.be/vtY88mBc088?si=1j7bPLqOwP4LQ9_g&t=2157,https://www.chess.com/game/live/128079013421?username=hebeccararis
https://youtu.be/vtY88mBc088?si=x1tAMG0PsChVCDx-&t=3227,https://www.chess.com/game/live/128080730809?username=hebeccararis
https://youtu.be/WSEAjQgHpYs?si=GtDKy9LEj97IcqnN&t=60,https://www.chess.com/game/live/128341752461?username=hebeccararis
https://youtu.be/WSEAjQgHpYs?si=Wt58d2nCpSFHK-OP&t=1013,https://www.chess.com/game/live/128342942971?username=hebeccararis
https://youtu.be/WSEAjQgHpYs?si=xfTfAtqZla0aPuiY&t=2321,https://www.chess.com/game/live/128344192929?username=hebeccararis
https://youtu.be/WSEAjQgHpYs?si=FVe28jIR2SPblAVd&t=2884,https://www.chess.com/game/live/128344809573?username=hebeccararis
https://youtu.be/4Vbr9EQoGd4?si=Vhq9efsoJLO7fKd5&t=66,https://www.chess.com/game/live/129715173817?username=hebeccararis
https://youtu.be/4Vbr9EQoGd4?si=YmOwtGcee6UEvj5N&t=1121,https://www.chess.com/game/live/129716376029?username=hebeccararis
https://youtu.be/4Vbr9EQoGd4?si=KQeiNpfD8Q3P8Gs5&t=2563,https://www.chess.com/game/live/129718157531?username=hebeccararis
https://youtu.be/wBbeP1w-NTQ?si=gMpbMy3IlExnvr9H&t=13,https://www.chess.com/game/live/131868578145?username=hebeccararis
https://youtu.be/wBbeP1w-NTQ?si=itqNQ7SKqksAahM5&t=1154,https://www.chess.com/game/live/131869790237?username=hebeccararis
https://youtu.be/wBbeP1w-NTQ?si=_kn7gCH0Ol1sMD38&t=2806,https://www.chess.com/game/live/131871598757?username=hebeccararis
https://youtu.be/BmFrJuPdwxE?si=IBm4he-mZGDEEBYU&t=35,https://www.chess.com/game/live/132203988383?username=hebeccararis
https://youtu.be/BmFrJuPdwxE?si=aESuf_e9QLIPCIkQ&t=1696,https://www.chess.com/game/live/132205803801?username=hebeccararis
https://youtu.be/USDQ8LIjaCo?si=poQL1xRR6SdXqIJo&t=27,https://www.chess.com/game/live/123305570074?username=hebeccararis
https://youtu.be/USDQ8LIjaCo?si=iY7R9QiMRX54MmKR&t=600,https://www.chess.com/game/live/123305792284?username=hebeccararis
https://youtu.be/USDQ8LIjaCo?si=6pL4V1jHjreZVtLi&t=1650,https://www.chess.com/game/live/123306225454?username=hebeccararis
https://youtu.be/HywK8lbZ2wQ?si=1RvMNc9RY6r_ok0T&t=35,https://www.chess.com/game/live/136099209670?username=hebeccararis
https://youtu.be/HywK8lbZ2wQ?si=ky5FM8Te5Q3bYX24&t=1867,https://www.chess.com/game/live/136099831228?username=hebeccararis
https://youtu.be/0LxFKZyaD-I?si=FSQd2ha5cHjFkm--&t=26,https://www.chess.com/game/live/136721003144?username=hebeccararis
https://youtu.be/0LxFKZyaD-I?si=ocJkonm1pjOjK6fP&t=1591,https://www.chess.com/game/live/136721642138?username=hebeccararis
https://youtu.be/8L-cDJJBbxc?si=cjAb1rELuMTE0_G6&t=26,https://www.chess.com/game/live/137220335044?username=hebeccararis
https://youtu.be/8L-cDJJBbxc?si=IWNCh05PvYix9ulm&t=1797,https://www.chess.com/game/live/137221064444?username=hebeccararis
https://youtu.be/0ipLPOAN_m8?si=_9iEijH8SipKKo6m&t=20,https://www.chess.com/game/live/138011978276?username=hebeccararis
https://youtu.be/0ipLPOAN_m8?si=Az2ZaERumBPp0EaH&t=1611,https://www.chess.com/game/live/138012697932?username=hebeccararis
https://youtu.be/0ipLPOAN_m8?si=6Z2IBweEghmNnZkU&t=2634,https://www.chess.com/game/live/138013103544?username=hebeccararis
https://youtu.be/CnODsrMCQQg?si=WHV3atfrfpzk8VTg&t=31,https://www.chess.com/game/live/138083924236?username=hebeccararis
https://youtu.be/CnODsrMCQQg?si=ZeiCE5CY0mzPw56R&t=1323,https://www.chess.com/game/live/138084498902?username=hebeccararis
https://youtu.be/4X7vf-KZoo0?si=ludwU889nTFhf7mJ&t=56,https://www.chess.com/game/live/140230336400?username=hebeccararis
https://youtu.be/4X7vf-KZoo0?si=plKKJUuOOmoqY4m1&t=1411,https://www.chess.com/game/live/140230783624?username=hebeccararis
https://youtu.be/4X7vf-KZoo0?si=NLQj5H_ejmirSzCB&t=1901,https://www.chess.com/game/live/140230931016?username=hebeccararis
https://youtu.be/-rqPeGKVPbA?si=eROKNc8DYrM4AqMa&t=60,https://www.chess.com/game/live/144333626244?username=hebeccararis
https://youtu.be/-rqPeGKVPbA?si=lFew-4KBgs8qkBuQ&t=2661,https://www.chess.com/game/live/144335279386?username=hebeccararis