Master Class,
https://youtu.be/0WPNVHZmYE8?si=Mw5DHSB1f2sEGvYS&t=20,https://www.chess.com/game/live/8586389713?username=ohmylands
https://youtu.be/BGTBTghFQDI?si=F8gOIh5F4ANdMWWl&t=58,https://www.chess.com/game/live/8587564335?username=ohmylands
https://youtu.be/tgyq7_g2wV0?si=PCLu2-UmJRBsMrB3&t=3,https://www.chess.com/game/live/8589356493?username=ohmylands
https://youtu.be/kvpSIPdCvmw?si=yBLBeT_SipEyLKHj&t=74,https://www.chess.com/game/live/8637453557?username=ohmylands
https://youtu.be/LJa5Df75CJI?si=DTAq5kxn0rT4rOpJ&t=3,https://www.chess.com/game/live/8638053367?username=ohmylands
https://youtu.be/LJa5Df75CJI?si=lcky68zSxpCiSvf2&t=110,https://www.chess.com/game/live/8638545975?username=ohmylands
https://youtu.be/NnQmNvrOmCI?si=uOfHNlwXDXN4aOF5&t=26,https://www.chess.com/game/live/8747119111?username=ohmylands
https://youtu.be/NnQmNvrOmCI?si=Il8AOYrRhXY-arRs&t=540,https://www.chess.com/game/live/8747709953?username=ohmylands
https://youtu.be/-9fPYlSEkJ0?si=dgaLZiJJ8xbK5Ji3&t=8,https://www.chess.com/game/live/8748386933?username=ohmylands
https://youtu.be/iXZDALKuDEc?si=KYEIvw6PXfPdaMZ6&t=2,https://www.chess.com/game/live/9032310239?username=ohmylands
https://youtu.be/KAH-POAsnyE?si=VIsKODENFDhZQjpI&t=4,https://www.chess.com/game/live/9034014655?username=ohmylands
https://youtu.be/KAH-POAsnyE?si=N52fgF2L5XPiltzE&t=817,https://www.chess.com/game/live/9035157235?username=ohmylands
https://youtu.be/UXWYC8k7Gas?si=DXSfkoRYnoEh2jmr&t=86,https://www.chess.com/game/live/9095165813?username=ohmylands
https://youtu.be/UXWYC8k7Gas?si=BN5jUhWHiQo-g8Ju&t=1160,https://www.chess.com/game/live/9096368719?username=ohmylands
https://youtu.be/e4sg69QooO0?si=9oeSyxOgEyQegv6X&t=8,https://www.chess.com/game/live/9188182483?username=ohmylands
https://youtu.be/e4sg69QooO0?si=oVu7DeMYW3XWzyFc&t=790,https://www.chess.com/game/live/9188823265?username=ohmylands
https://youtu.be/IloLuuXW7lE?si=Uxn0jWhL5g8GhxuL&t=46,https://www.chess.com/game/live/9189462243?username=ohmylands
https://youtu.be/IloLuuXW7lE?si=1uBGUnZfH8h6yP28&t=989,https://www.chess.com/game/live/9190618353?username=ohmylands
https://youtu.be/ltHf6dLgdLo?si=W9-gMBmJSehxMUrd&t=12,https://www.chess.com/game/live/9531883341?username=ohmylands
https://youtu.be/br2ThhGdJXU?si=P9mgvNrL3nX6KfWX&t=2,https://www.chess.com/game/live/9533071783?username=ohmylands
https://youtu.be/br2ThhGdJXU?si=LYbqC_71ob2Qc9H4&t=921,https://www.chess.com/game/live/9533727199?username=ohmylands
https://youtu.be/4GIsh7cTsHc?si=Rz2WA0_9Oggn025d&t=3,https://www.chess.com/game/live/9712038885?username=ohmylands
https://youtu.be/cmJbc_BzTp8?si=O_Kj8-tNMeudPiC2&t=2,https://www.chess.com/game/live/9713957537?username=ohmylands
https://youtu.be/cmJbc_BzTp8?si=744mV_zfwqczNg-O&t=149,https://www.chess.com/game/live/9714457131?username=ohmylands
https://youtu.be/cmJbc_BzTp8?si=NatYcMRSo5nbZEvm&t=368,https://www.chess.com/game/live/9714505037?username=ohmylands
https://youtu.be/cmJbc_BzTp8?si=XKm4Ow3WZrs-GHtS&t=1012,https://www.chess.com/game/live/9715117587?username=ohmylands
https://youtu.be/RSZfxqk9wNc?si=X2-PEQbDtFYg4uSy&t=31,https://www.chess.com/game/live/9790638497?username=ohmylands
https://youtu.be/RSZfxqk9wNc?si=uZdUZD_6V02ahmHU&t=1022,https://www.chess.com/game/live/9791304643?username=ohmylands
https://youtu.be/ADPy7sCbiUU?si=7azOmMrN_DQMt4q3&t=9,https://www.chess.com/game/live/9793048993?username=ohmylands
https://youtu.be/ADPy7sCbiUU?si=ssFu_Z5L6LCiqIs-&t=533,https://www.chess.com/game/live/9875473789?username=ohmylands
https://youtu.be/kO4qTTR0B7o?si=SdhZawKJKLCZV5zv&t=8,https://www.chess.com/game/live/10140641799?username=ohmylands
https://youtu.be/kO4qTTR0B7o?si=dgzVaCsKTJp8Yu5C&t=625,https://www.chess.com/game/live/10311045613?username=ohmylands
https://youtu.be/utcO6odBZIg?si=dqObLx45SK2bYWIQ&t=14,https://www.chess.com/game/live/10313168431?username=ohmylands
https://youtu.be/utcO6odBZIg?si=xoPYbW4ZG8LWfX53&t=826,https://www.chess.com/game/live/10313824081?username=ohmylands
https://youtu.be/utcO6odBZIg?si=nlSljGC1kB1cDp6h&t=1309,https://www.chess.com/game/live/10314398575?username=ohmylands
https://youtu.be/xeoof3v45mk?si=1yL6tjpytjTmC44H&t=7,https://www.chess.com/game/live/10740430647?username=ohmylands
https://youtu.be/KV90PAgPO2A?si=l7iZz0zf-jUSRSVA&t=3,https://www.chess.com/game/live/10742849381?username=ohmylands
https://youtu.be/OQsa_sdKzjY?si=QMtTLBvWqywZXZlb&t=9,https://www.chess.com/game/live/10827971155?username=ohmylands
https://youtu.be/x-TMzSM51Cw?si=bSATfXH2rwOOhQSF&t=3,https://www.chess.com/game/live/10829191877?username=ohmylands
https://youtu.be/x-TMzSM51Cw?si=0PdvcIBpcVwnxaqS&t=1218,https://www.chess.com/game/live/10830409145?username=ohmylands
https://youtu.be/xp727Z8dXZc?si=MZ3GM3enOvjnQMXT&t=11,https://www.chess.com/game/live/10831566525?username=ohmylands
https://youtu.be/xp727Z8dXZc?si=j9btU5fZt6UyALyt&t=537,https://www.chess.com/game/live/11422979305?username=ohmylands
https://youtu.be/Lkxw7bVvnHs?si=I2jXI7c05wKZBrzv&t=9,https://www.chess.com/game/live/11424213351?username=ohmylands
https://youtu.be/Lkxw7bVvnHs?si=PZcsUxlNCON4H5zk&t=621,https://www.chess.com/game/live/11424814773?username=ohmylands
https://youtu.be/dowe5Oy7u_Y?si=UYNJQkUlxNt8-M0k&t=12,https://www.chess.com/game/live/11484321539?username=ohmylands
https://youtu.be/jPhLlZ4_c1A?si=HN8ifmeZl8OQidcU&t=8,https://www.chess.com/game/live/11487183373?username=ohmylands
https://youtu.be/jPhLlZ4_c1A?si=3m_eWXSuX9NnL-g0&t=448,https://www.chess.com/game/live/11781224945?username=ohmylands
https://youtu.be/_Y-iXy9b4Ew?si=O8Xco_RhXh0w24wP&t=13,https://www.chess.com/game/live/11782967459?username=ohmylands
https://youtu.be/f5V0W6btKdY?si=s_G1gmW9hb2XuMCa&t=25,https://www.chess.com/game/live/11863340109?username=ohmylands
https://youtu.be/yXliDC1I0U0?si=Ojq9vh5drlJ2mWgl&t=3,https://www.chess.com/game/live/11865186433?username=ohmylands
https://youtu.be/yXliDC1I0U0?si=cQPrLSNbIu4uZoAL&t=780,https://www.chess.com/game/live/12644213715?username=ohmylands
https://youtu.be/CZC9BI_joNU?si=BXnqqj8BaVzmo07y&t=8,https://www.chess.com/game/live/12381989283?username=ohmylands
https://youtu.be/CZC9BI_joNU?si=eKFz24EJmdd_wLAz&t=538,https://www.chess.com/game/live/12382575369?username=ohmylands
https://youtu.be/kudYuwgjAeY?si=DwRgGXf2UDT2q737&t=1,https://www.chess.com/game/live/12384362409?username=ohmylands
https://youtu.be/qfiO5HGBWWc?si=Gg2CiMo8mX-PWFVA&t=11,https://www.chess.com/game/live/12726365999?username=ohmylands
https://youtu.be/c6s0bKN5y4E?si=A7ejH6d4mJCfWPiH&t=10,https://www.chess.com/game/live/12728249453?username=ohmylands
https://youtu.be/Cjxk_qrmeMY?si=yc4A8cswLx8FEhYv&t=18,https://www.chess.com/game/live/12815041777?username=ohmylands
https://youtu.be/Cjxk_qrmeMY?si=NPiOCqAzjk0ijteI&t=1046,https://www.chess.com/game/live/12816223265?username=ohmylands
https://youtu.be/mIzJ3LYZvKw?si=DzyFvKv1tKkoVf6G&t=10,https://www.chess.com/game/live/12816913543?username=ohmylands
https://youtu.be/Gti01VN0zXA?si=4yIq3Ky1uWW10lip&t=17,https://www.chess.com/game/live/13419758117?username=ohmylands
https://youtu.be/Y-a6cV08zDM?si=zKP48xY1a9cPpSa3&t=3,https://www.chess.com/game/live/13423337233?username=ohmylands
https://youtu.be/V4lW-6f56Cg?si=cSXmgr0iDf5mDPjR&t=17,https://www.chess.com/game/live/13506100309?username=ohmylands
https://youtu.be/u1ZSMsWIfBM?si=nzF_XEsNmEAsO06L&t=2,https://www.chess.com/game/live/13507933733?username=ohmylands
https://youtu.be/k9lpwbZ1Cyw?si=8C7ZukRi5sXscpIU&t=2,https://www.chess.com/game/live/14018551269?username=ohmylands
https://youtu.be/k9lpwbZ1Cyw?si=aQAdzeV1y7E0D8Tm&t=1384,https://www.chess.com/game/live/14020316139?username=ohmylands
https://youtu.be/knRe3EsANdg?si=eHfrp13ka8A1tLZM&t=10,https://www.chess.com/game/live/14107872427?username=ohmylands
https://youtu.be/fz9td9L2uIo?si=5blYQLh8-qPri-Mb&t=21,https://www.chess.com/game/live/14111543043?username=ohmylands
https://youtu.be/rkoC8ZlqOII?si=dT3MKNTG5j66gPb8&t=28,https://www.chess.com/game/live/14190144509?username=ohmylands
https://youtu.be/pipfrQRET80?si=jZxpkJ__voRRActf&t=27,https://www.chess.com/game/live/14309182859?username=ohmylands
https://youtu.be/2fYsaiS_NS4?si=ly9DJNzJnZRu5p1_&t=2,https://www.chess.com/game/live/14310459129?username=ohmylands
https://youtu.be/cPVp5TWZR0w?si=jqIkeT_Eb5M4Cifo&t=9,https://www.chess.com/game/live/14313443633?username=ohmylands
https://youtu.be/iuLI_EUlgvE?si=53Bjie7K63DYVvSX&t=23,https://www.chess.com/game/live/14458066371?username=ohmylands
https://youtu.be/OMpuTbOzyoc?si=wpwdCBDSaJIkpu1B&t=2,https://www.chess.com/game/live/14459869821?username=ohmylands
https://youtu.be/gyOxMMJWiYg?si=Ra5VCuaMe8cMrPnP&t=10,https://www.chess.com/game/live/14462288625?username=ohmylands
https://youtu.be/DqBi8Zt412s?si=JJx0_ZsajvnrkPX1&t=10,https://www.chess.com/game/live/14517984661?username=ohmylands
https://youtu.be/DCBwXvH3kH4?si=Bw1z_V3seWXRd1HM&t=16,https://www.chess.com/game/live/14519239849?username=ohmylands
https://youtu.be/DCBwXvH3kH4?si=dvmgP51MHQrVBQlM&t=879,https://www.chess.com/game/live/14520404375?username=ohmylands
https://youtu.be/2Mys0GRUgM4?si=WjWIkxwc7jdQ-77W&t=4,https://www.chess.com/game/live/14548048431?username=ohmylands
https://youtu.be/ye0OP1Bu_hs?si=ktHzi82S0OmlrpOl&t=2,https://www.chess.com/game/live/15062197419?username=ohmylands
https://youtu.be/5o8LUjvHFZA?si=-PEl4ggwP9fOJmfx&t=10,https://www.chess.com/game/live/15408739483?username=ohmylands
https://youtu.be/lyUZn39V6TY?si=12ORO4KnlEPRE4-m&t=9,https://www.chess.com/game/live/15491538871?username=ohmylands
https://youtu.be/o17K4WiESWQ?si=7qbDozPrOZfaHpA1&t=4,https://www.chess.com/game/live/15493357043?username=ohmylands
https://youtu.be/o17K4WiESWQ?si=xxcrwkozjgMlgbvi&t=1070,https://www.chess.com/game/live/15497009103?username=ohmylands
https://youtu.be/TSM7CFcJ1L0?si=JfWTjmRbz0m3CFWY&t=10,https://www.chess.com/game/live/15494533983?username=ohmylands
https://youtu.be/YgMVGhponbU?si=Y3SxakpKBZC7TNMx&t=32,https://www.chess.com/game/live/15583991739?username=ohmylands
https://youtu.be/8urm2D1HhX8?si=0xzy8ah27XaiCpcG&t=12,https://www.chess.com/game/live/15586324327?username=ohmylands
https://youtu.be/8urm2D1HhX8?si=oUVPccu_80pXhVG-&t=1028,https://www.chess.com/game/live/15587031947?username=ohmylands
https://youtu.be/0fb75Z-i03A?si=3qpyVD5kY5FVdYvh&t=10,https://www.chess.com/game/live/15736977381?username=ohmylands
https://youtu.be/Di-5aO2lddU?si=E7OsNGPffqW1vTnd&t=17,https://www.chess.com/game/live/16071891201?username=ohmylands
https://youtu.be/B0AdPztLsHs?si=UOihtfJs1CKgq19y&t=18,https://www.chess.com/game/live/16163716801?username=ohmylands
https://youtu.be/DO28z1MTaC8?si=hA-RkoxkkMPt11Fw&t=14,https://www.chess.com/game/live/16166695301?username=ohmylands
https://youtu.be/_4xbS0Crtic?si=_5pvC6w_UG5d0_68&t=9,https://www.chess.com/game/live/16260305621?username=ohmylands
https://youtu.be/mCzuNeWLYBs?si=qe_u1ACjv7e9APxf&t=11,https://www.chess.com/game/live/16265123407?username=ohmylands
https://youtu.be/S-ZY3NtFO20?si=lFMG2sm_NyKDhQnj&t=3,https://www.chess.com/game/live/16439159363?username=ohmylands
https://youtu.be/_j8aiuqS4_0?si=xcnbaQKuuWywBiSC&t=9,https://www.chess.com/game/live/16579021745?username=ohmylands
https://youtu.be/YQhpedRR2Y4?si=ZDrNser_HxXeCqmJ&t=10,https://www.chess.com/game/live/16581418989?username=ohmylands
https://youtu.be/hv0P9kotpJw?si=m4dNHbqPQzTVIoyx&t=9,https://www.chess.com/game/live/16874157645?username=ohmylands
https://youtu.be/TPTu9YuBMwU?si=x8GZqGQYJzwCK-0L&t=100,https://www.chess.com/game/live/16876487439?username=ohmylands
https://youtu.be/Ap793xYua4w?si=w20JoUPzaIJ9Xg4w&t=8,https://www.chess.com/game/live/16957543417?username=ohmylands
https://youtu.be/Nd2NeAbF3k8?si=D1-higNhDsSQvrvj&t=11,https://www.chess.com/game/live/17193734129?username=ohmylands
https://youtu.be/iLiE-uWRfBc?si=LZgMEO6ONqB9CHwP&t=5,https://www.chess.com/game/live/17195517073?username=ohmylands
https://youtu.be/TNaKFN65B5o?si=57-XlE2DVbsqYz7n&t=2,https://www.chess.com/game/live/22016384033?username=ohmylands
https://youtu.be/1rcEbI44WqE?si=9KfwuWr1Xq2VuQ1q&t=13,https://www.chess.com/game/live/22017609559?username=ohmylands
https://youtu.be/l6IwRWbovRU?si=VCRD0GlYtNT6zW-r&t=12,https://www.chess.com/game/live/22828225985?username=ohmylands
https://youtu.be/kVIQEb0fOPg?si=hekW7jTA7q2X_UaX&t=20,https://www.chess.com/game/live/24125829991?username=ohmylands
https://youtu.be/QUk_oflYX0M?si=_TgqjjOMZatwH2hv&t=12,https://www.chess.com/game/live/24707474171?username=ohmylands
https://youtu.be/hX6W4X_CqkA?si=0xSfTMvvTyDfOwZ2&t=33,https://www.chess.com/game/live/24781900117?username=ohmylands
https://youtu.be/-Am8glebGwQ?si=XKOhGKgcU48iHCIa&t=15,https://www.chess.com/game/live/24976308155?username=ohmylands
https://youtu.be/TyzvlcfCUDg?si=CkqkzOf0DxJTl2WP&t=9,https://www.chess.com/game/live/24783116799?username=ohmylands
https://youtu.be/TyzvlcfCUDg?si=ID982XpqYwvuJXQA&t=1216,https://www.chess.com/game/live/24784335219?username=ohmylands
https://youtu.be/kYbh2NTFsS8?si=lr594uHEgqXO3IGK&t=31,https://www.chess.com/game/live/25245081697?username=ohmylands
https://youtu.be/MWMloBpKuVg?si=4HzrlmHskDaPeJew&t=9,https://www.chess.com/game/live/25402833571?username=ohmylands
https://youtu.be/4e6zHMBUgvg?si=kcjgfU0JyTcQr5kQ&t=8,https://www.chess.com/game/live/25404665881?username=ohmylands
https://youtu.be/iCtRgphJ3_8?si=QuJ5PahPR3TGxutX&t=2,https://www.chess.com/game/live/25483813447?username=ohmylands
https://youtu.be/C14ui8o_esM?si=0-c9CW2hKsatAwoX&t=13,https://www.chess.com/game/live/25570783795?username=ohmylands
https://youtu.be/K8QMjqu0_MY?si=jPfsxuQaM6SbBKHu&t=9,https://www.chess.com/game/live/25834137779?username=ohmylands
https://youtu.be/bRMHNmDMLqw?si=_oIsqJkhqVbYiphY&t=47,https://www.chess.com/game/live/26197763669?username=ohmylands
https://youtu.be/FozbGMUOOjs?si=V_AMTBgl1yXTAnw1&t=94,https://www.chess.com/game/live/26455184785?username=ohmylands